# FantasyPros auction values — 12 teams, $200 budget, PPR. Imported 2026-08-07.
# Columns: name,position,team,value  (DST = defense; K/DEF are streamers in-app).
name,position,team,value
Jahmyr Gibbs,RB,DET,61
Bijan Robinson,RB,ATL,58
Puka Nacua,WR,LAR,54
Jonathan Taylor,RB,IND,50
Ja'Marr Chase,WR,CIN,50
Jaxon Smith-Njigba,WR,SEA,49
Christian McCaffrey,RB,SF,46
Derrick Henry,RB,BAL,46
Amon-Ra St. Brown,WR,DET,45
James Cook III,RB,BUF,40
Drake London,WR,ATL,38
De'Von Achane,RB,MIA,37
Saquon Barkley,RB,PHI,36
Josh Jacobs,RB,GB,35
Ashton Jeanty,RB,LV,34
Chase Brown,RB,CIN,33
CeeDee Lamb,WR,DAL,33
Josh Allen,QB,BUF,32
Omarion Hampton,RB,LAC,32
Rashee Rice,WR,KC,32
Justin Jefferson,WR,MIN,31
Kyren Williams,RB,LAR,30
Kenneth Walker III,RB,KC,30
Breece Hall,RB,NYJ,30
George Pickens,WR,DAL,30
A.J. Brown,WR,NE,30
Brock Bowers,TE,LV,30
Trey McBride,TE,ARI,29
Jeremiyah Love,RB,ARI,28
Javonte Williams,RB,DAL,28
Nico Collins,WR,HOU,28
Cam Skattebo,RB,NYG,27
Chris Olave,WR,NO,27
Zay Flowers,WR,BAL,27
D'Andre Swift,RB,CHI,24
Travis Etienne Jr.,RB,NO,24
Emeka Egbuka,WR,TB,24
Malik Nabers,WR,NYG,24
Bucky Irving,RB,TB,23
Davante Adams,WR,LAR,23
Jameson Williams,WR,DET,23
Tee Higgins,WR,CIN,22
Colston Loveland,TE,CHI,22
Bhayshul Tuten,RB,JAX,21
Quinshon Judkins,RB,CLE,21
Tetairoa McMillan,WR,CAR,21
DeVonta Smith,WR,PHI,21
Rome Odunze,WR,CHI,20
Garrett Wilson,WR,NYJ,19
Alec Pierce,WR,IND,19
Terry McLaurin,WR,WAS,17
TreVeyon Henderson,RB,NE,16
Jadarian Price,RB,SEA,16
DJ Moore,WR,BUF,16
Drake Maye,QB,NE,15
Jayden Daniels,QB,WAS,15
Lamar Jackson,QB,BAL,15
David Montgomery,RB,HOU,15
Tony Pollard,RB,TEN,15
Mike Evans,WR,SF,15
Ladd McConkey,WR,LAC,15
Luther Burden III,WR,CHI,15
Jaylen Waddle,WR,DEN,15
Courtland Sutton,WR,DEN,15
Christian Watson,WR,GB,15
Tyler Warren,TE,IND,15
Rico Dowdle,RB,PIT,14
J.K. Dobbins,RB,DEN,14
Kyle Pitts Sr.,TE,ATL,14
Jalen Hurts,QB,PHI,13
Jaylen Warren,RB,PIT,13
Chuba Hubbard,RB,CAR,13
Rhamondre Stevenson,RB,NE,13
DK Metcalf,WR,PIT,13
Tucker Kraft,TE,GB,13
Marvin Harrison Jr.,WR,ARI,12
Dallas Goedert,TE,PHI,12
Sam LaPorta,TE,DET,12
Harold Fannin Jr.,TE,CLE,11
Jaxson Dart,QB,NYG,10
Joe Burrow,QB,CIN,9
Kyle Monangai,RB,CHI,9
Jacory Croskey-Merritt,RB,WAS,9
RJ Harvey,RB,DEN,9
Brian Thomas Jr.,WR,JAX,9
Travis Kelce,TE,KC,9
Brock Purdy,QB,SF,8
Dak Prescott,QB,DAL,8
Rachaad White,RB,WAS,8
Aaron Jones Sr.,RB,MIN,8
Blake Corum,RB,LAR,8
Jordan Mason,RB,MIN,8
George Kittle,TE,SF,8
Mark Andrews,TE,BAL,8
Trevor Lawrence,QB,JAX,7
Patrick Mahomes II,QB,KC,7
Kenny Gainwell,RB,TB,7
Jonathon Brooks,RB,CAR,7
Parker Washington,WR,JAX,7
Dalton Kincaid,TE,BUF,7
Isaiah Likely,TE,NYG,7
Justin Herbert,QB,LAC,6
Quentin Johnston,WR,LAC,6
Carnell Tate,WR,TEN,6
Deebo Samuel Sr.,WR,SF,6
Jordan Addison,WR,MIN,6
Caleb Williams,QB,CHI,5
Bo Nix,QB,DEN,5
Zach Charbonnet,RB,SEA,5
Woody Marks,RB,HOU,5
Alvin Kamara,RB,NO,5
Jayden Reed,WR,GB,5
Jakobi Meyers,WR,JAX,5
Xavier Worthy,WR,KC,5
Hunter Henry,TE,NE,5
Matthew Stafford,QB,LAR,4
Isiah Pacheco,RB,DET,4
Tyrone Tracy Jr.,RB,NYG,4
Tyjae Spears,RB,TEN,4
Chris Rodriguez Jr.,RB,JAX,4
Michael Pittman Jr.,WR,PIT,4
Jordyn Tyson,WR,NO,4
Michael Wilson,WR,ARI,4
Chris Godwin Jr.,WR,TB,4
Stefon Diggs,WR,WAS,4
Jake Ferguson,TE,DAL,4
Brian Robinson Jr.,RB,ATL,3
Justice Hill,RB,BAL,3
AJ Dillon,RB,CAR,3
Samaje Perine,RB,CIN,3
Tyler Allgeier,RB,ARI,3
Rashid Shaheed,WR,SEA,3
Wan'Dale Robinson,WR,TEN,3
Makai Lemon,WR,PHI,3
Calvin Ridley,WR,TEN,3
Romeo Doubs,WR,NE,3
Brenton Strange,TE,JAX,3
Jared Goff,QB,DET,2
Tyler Shough,QB,NO,2
Jordan James,RB,SF,2
Braelon Allen,RB,NYJ,2
Ty Johnson,RB,BUF,2
Dylan Sampson,RB,CLE,2
Matthew Golden,WR,GB,2
Juwan Johnson,TE,NO,2
Houston Texans,DST,HOU,2
Denver Broncos,DST,DEN,2
Pittsburgh Steelers,DST,PIT,2
Minnesota Vikings,DST,MIN,2
Baker Mayfield,QB,TB,1
Kyler Murray,QB,MIN,1
Emari Demercado,RB,KC,1
Kaelon Black,RB,SF,1
Tank Bigsby,RB,PHI,1
Khalil Shakir,WR,BUF,1
Josh Downs,WR,IND,1
John Metchie III,WR,CAR,1
Theo Wease Jr.,WR,MIA,1
Dalton Schultz,TE,HOU,1
Seattle Seahawks,DST,SEA,1
Los Angeles Chargers,DST,LAC,1
Detroit Lions,DST,DET,1
Los Angeles Rams,DST,LAR,1
Buffalo Bills,DST,BUF,1
Atlanta Falcons,DST,ATL,1
Baltimore Ravens,DST,BAL,1
Philadelphia Eagles,DST,PHI,1
Brandon Aubrey,K,DAL,1
Jason Myers,K,SEA,1
Ka'imi Fairbairn,K,HOU,1
Cameron Dicker,K,LAC,1
Harrison Mevis,K,LAR,1
Jake Bates,K,DET,1
Blake Grupe,K,IND,1
Chase McLaughlin,K,TB,1
Cairo Santos,K,CHI,1
Eddy Pineiro,K,SF,1
Tyler Loop,K,BAL,1
Harrison Butker,K,KC,1
Will Reichard,K,MIN,0
Cam Little,K,JAX,0
Nick Folk,K,ATL,0
Evan McPherson,K,CIN,0
Wil Lutz,K,DEN,0
Chicago Bears,DST,CHI,0
Cleveland Browns,DST,CLE,0
New Orleans Saints,DST,NO,0
Cincinnati Bengals,DST,CIN,0
Jacksonville Jaguars,DST,JAX,0
New England Patriots,DST,NE,0
Tampa Bay Buccaneers,DST,TB,0
Jalen Coker,WR,CAR,0
Tennessee Titans,DST,TEN,0
Green Bay Packers,DST,GB,0
Washington Commanders,DST,WAS,0
Indianapolis Colts,DST,IND,0
Rashod Bateman,WR,BAL,0
Pat Freiermuth,TE,PIT,0
Mike Washington Jr.,RB,LV,0
Daniel Jones,QB,IND,0
Malik Willis,QB,MIA,0
Trey Smack,K,GB,0
Tyler Bass,K,BUF,0
Charlie Smyth,K,NO,0
Jake Moody,K,WAS,0
Andy Borregales,K,NE,0
Jake Elliott,K,PHI,0
Chris Boswell,K,PIT,0
Kansas City Chiefs,DST,KC,0
Tre Tucker,WR,LV,0
New York Giants,DST,NYG,0
Tank Dell,WR,HOU,0
Miami Dolphins,DST,MIA,0
Dallas Cowboys,DST,DAL,0
Las Vegas Raiders,DST,LV,0
Arizona Cardinals,DST,ARI,0
Jayden Higgins,WR,HOU,0
Jerry Jeudy,WR,CLE,0
KC Concepcion,WR,CLE,0
San Francisco 49ers,DST,SF,0
Carolina Panthers,DST,CAR,0
New York Jets,DST,NYJ,0
Kenyon Sadiq,TE,NYJ,0
Greg Dulcich,TE,MIA,0
Terrance Ferguson,TE,LAR,0
T.J. Hockenson,TE,MIN,0
AJ Barner,TE,SEA,0
Oronde Gadsden II,TE,LAC,0
Keaton Mitchell,RB,LAC,0
Malik Davis,RB,DAL,0
Adam Randall,RB,BAL,0
Chris Brooks,RB,GB,0
Jordan Love,QB,GB,0
Sam Darnold,QB,SEA,0
C.J. Stroud,QB,HOU,0
Jason Sanders,K,NYJ,0
Zane Gonzalez,K,MIA,0
Joey Slye,K,TEN,0
Chad Ryland,K,ARI,0
Jalen McMillan,WR,TB,0
Jalen Nailor,WR,LV,0
Jauan Jennings,WR,MIN,0
De'Zhaun Stribling,WR,SF,0
Adonai Mitchell,WR,NYJ,0
Antonio Williams,WR,WAS,0
Cade Otton,TE,TB,0
Chig Okonkwo,TE,WAS,0
Mike Gesicki,TE,CIN,0
Kimani Vidal,RB,LAC,0
Emanuel Wilson,RB,SEA,0
James Conner,RB,ARI,0
Jaylen Wright,RB,MIA,0
Cooper Kupp,WR,SEA,0
Denzel Boston,WR,CLE,0
Omar Cooper Jr.,WR,NYJ,0
Evan Engram,TE,DEN,0
Jawhar Jordan,RB,HOU,0
Jaydon Blue,RB,DAL,0
MarShawn Lloyd,RB,GB,0
Sean Tucker,RB,TB,0
Isaiah Davis,RB,NYJ,0
George Holani,RB,SEA,0
Bryce Young,QB,CAR,0
Kayshon Boutte,WR,NE,0
Germie Bernard,WR,PIT,0
Ja'Kobi Lane,WR,BAL,0
Travis Hunter,WR,JAX,0
Xavier Legette,WR,CAR,0
Darnell Mooney,WR,NYG,0
Bub Means,WR,NO,0
Tyquan Thornton,WR,KC,0
Gunnar Helm,TE,TEN,0
Colby Parkinson,TE,LAR,0
Frank Gore Jr.,RB,BUF,0
Roschon Johnson,RB,CHI,0
Kyle Juszczyk,RB,SF,0
Ollie Gordon II,RB,MIA,0
Emmett Johnson,RB,KC,0
Ray Davis,RB,BUF,0
Jonah Coleman,RB,DEN,0
DJ Giddens,RB,IND,0
Austin Ekeler,RB,,0
Ty Chandler,RB,NO,0
Darius Slayton,WR,NYG,0
Tory Horton,WR,SEA,0
Malik Washington,WR,MIA,0
Troy Franklin,WR,DEN,0
David Njoku,TE,LAC,0
Mason Taylor,TE,NYJ,0
Geno Smith,QB,NYJ,0
Jacoby Brissett,QB,ARI,0
Cam Ward,QB,TEN,0
Zachariah Branch,WR,ATL,0
Isaac TeSlaa,WR,DET,0
Devaughn Vele,WR,NO,0
Christian Kirk,WR,SF,0
Marquise Brown,WR,PHI,0
Andrei Iosivas,WR,CIN,0
Ryan Flournoy,WR,DAL,0
Tre' Harris,WR,LAC,0
Caleb Douglas,WR,MIA,0
Dyami Brown,WR,WAS,0
Ashton Dulin,WR,IND,0
Chris Bell,WR,MIA,0
Jalen Tolbert,WR,MIA,0
Ted Hurst III,WR,TB,0
Dawson Knox,TE,BUF,0
Michael Mayer,TE,LV,0
Aaron Rodgers,QB,PIT,0
Treylon Burks,WR,WAS,0
Elic Ayomanor,WR,TEN,0
Fernando Mendoza,QB,LV,0
Tua Tagovailoa,QB,ATL,0
Shedeur Sanders,QB,CLE,0
Deshaun Watson,QB,CLE,0
