season,player_id,player_name,position,nfl_team,manager,status,old_salary,years_kept,salary_increase,new_salary
2025,10229,Rashee Rice,WR,KC,Bowen Prestwich,Keeper,9,2,8,17
2025,11624,Xavier Worthy,WR,KC,Bowen Prestwich,Keeper,4,1,7,11
2025,11626,Xavier Legette,WR,CAR,Bowen Prestwich,Keeper,5,1,7,12
2025,11643,Jaylen Wright,RB,MIA,Bowen Prestwich,Keeper,2,1,7,9
2025,2133,Davante Adams,WR,LAR,Bowen Prestwich,Keeper,29,1,7,36
2025,3214,Hunter Henry,TE,NE,Bowen Prestwich,Keeper,2,1,4,6
2025,5850,Josh Jacobs,RB,GB,Bowen Prestwich,Keeper,36,2,8,44
2025,7569,Nico Collins,WR,HOU,Bowen Prestwich,Keeper,8,2,8,16
2025,8150,Kyren Williams,RB,LAR,Bowen Prestwich,Keeper,23,2,8,31
2025,8228,Jaylen Warren,RB,PIT,Bowen Prestwich,Keeper,17,3,9,26
2025,9500,Josh Downs,WR,IND,Bowen Prestwich,Keeper,2,1,7,9
2025,9508,Tyjae Spears,RB,TEN,Bowen Prestwich,Keeper,22,1,7,29
2025,PHI,Philadelphia Eagles,DEF,PHI,Bowen Prestwich,Keeper,0,1,1,1
2025,11646,Jalen Coker,WR,CAR,Braden Hawkins,Keeper,0,1,7,7
2025,11650,Luke McCaffrey,WR,WAS,Braden Hawkins,Keeper,1,1,7,8
2025,2449,Stefon Diggs,WR,NE,Braden Hawkins,Keeper,16,1,7,23
2025,4034,Christian McCaffrey,RB,SF,Braden Hawkins,Keeper,80,3,9,89
2025,4866,Saquon Barkley,RB,PHI,Braden Hawkins,Keeper,53,1,7,60
2025,5846,DK Metcalf,WR,PIT,Braden Hawkins,Keeper,29,1,7,36
2025,5848,Hollywood Brown,WR,KC,Braden Hawkins,Keeper,0,1,7,7
2025,5849,Kyler Murray,QB,ARI,Braden Hawkins,Keeper,2,2,3,5
2025,5987,Alexander Mattison,RB,MIA,Braden Hawkins,Keeper,1,1,7,8
2025,6039,Ty Johnson,RB,BUF,Braden Hawkins,Keeper,0,1,7,7
2025,6659,Craig Reynolds,RB,DET,Braden Hawkins,Keeper,0,1,7,7
2025,7090,Darnell Mooney,WR,ATL,Braden Hawkins,Keeper,0,1,7,7
2025,7526,Jaylen Waddle,WR,MIA,Braden Hawkins,Keeper,38,1,7,45
2025,8130,Trey McBride,TE,ARI,Braden Hawkins,Keeper,14,2,5,19
2025,8259,Cameron Dicker,K,LAC,Braden Hawkins,Keeper,0,1,1,1
2025,8408,Jordan Mason,RB,MIN,Braden Hawkins,Keeper,5,1,7,12
2025,9224,Chase Brown,RB,CIN,Braden Hawkins,Keeper,8,2,8,16
2025,ARI,Arizona Cardinals,DEF,ARI,Braden Hawkins,Keeper,0,1,1,1
2025,11584,Bucky Irving,RB,TB,Clarke Wallace,Keeper,3,1,7,10
2025,11632,Malik Nabers,WR,NYG,Clarke Wallace,Keeper,6,1,7,13
2025,1264,Justin Tucker,K,,Clarke Wallace,Keeper,4,1,1,5
2025,4035,Alvin Kamara,RB,NO,Clarke Wallace,Keeper,36,1,7,43
2025,4137,James Conner,RB,ARI,Clarke Wallace,Keeper,29,4,10,39
2025,4195,Jake Elliott,K,PHI,Clarke Wallace,Keeper,5,1,1,6
2025,4217,George Kittle,TE,SF,Clarke Wallace,Keeper,20,2,5,25
2025,4881,Lamar Jackson,QB,BAL,Clarke Wallace,Keeper,22,1,2,24
2025,4981,Calvin Ridley,WR,TEN,Clarke Wallace,Keeper,20,3,9,29
2025,5001,Dalton Schultz,TE,HOU,Clarke Wallace,Keeper,4,1,4,8
2025,6783,Jerry Jeudy,WR,CLE,Clarke Wallace,Keeper,1,1,7,8
2025,6797,Justin Herbert,QB,LAC,Clarke Wallace,Keeper,8,1,2,10
2025,8144,Chris Olave,WR,NO,Clarke Wallace,Keeper,19,3,9,28
2025,9753,Zach Charbonnet,RB,SEA,Clarke Wallace,Keeper,3,1,7,10
2025,9997,Zay Flowers,WR,BAL,Clarke Wallace,Keeper,11,2,8,19
2025,SF,San Francisco 49ers,DEF,SF,Clarke Wallace,Keeper,1,1,1,2
2025,TB,Tampa Bay Buccaneers,DEF,TB,Clarke Wallace,Keeper,2,1,1,3
2025,10859,Sam LaPorta,TE,DET,Evan Crespo,Keeper,5,2,5,10
2025,11539,Jake Bates,K,DET,Evan Crespo,Keeper,0,1,1,1
2025,11560,Caleb Williams,QB,CHI,Evan Crespo,Keeper,1,1,2,3
2025,4046,Patrick Mahomes,QB,KC,Evan Crespo,Keeper,37,3,4,41
2025,5927,Terry McLaurin,WR,WAS,Evan Crespo,Keeper,12,1,7,19
2025,5947,Jakobi Meyers,WR,LV,Evan Crespo,Keeper,2,1,7,9
2025,8148,Jameson Williams,WR,DET,Evan Crespo,Keeper,5,1,7,12
2025,8155,Breece Hall,RB,NYJ,Evan Crespo,Keeper,27,3,9,36
2025,9484,Tucker Kraft,TE,GB,Evan Crespo,Keeper,4,1,4,8
2025,9509,Bijan Robinson,RB,ATL,Evan Crespo,Keeper,19,2,8,27
2025,DEN,Denver Broncos,DEF,DEN,Evan Crespo,Keeper,0,1,1,1
2025,11563,Bo Nix,QB,DEN,Jonny Woolstenhulme,Keeper,6,1,2,8
2025,11604,Brock Bowers,TE,LV,Jonny Woolstenhulme,Keeper,3,1,4,7
2025,11620,Rome Odunze,WR,CHI,Jonny Woolstenhulme,Keeper,3,1,7,10
2025,11628,Marvin Harrison,WR,ARI,Jonny Woolstenhulme,Keeper,8,1,7,15
2025,5844,T.J. Hockenson,TE,MIN,Jonny Woolstenhulme,Keeper,11,1,4,15
2025,9221,Jahmyr Gibbs,RB,DET,Jonny Woolstenhulme,Keeper,13,2,8,21
2025,9228,Bryce Young,QB,CAR,Jonny Woolstenhulme,Keeper,1,1,2,3
2025,9493,Puka Nacua,WR,LAR,Jonny Woolstenhulme,Keeper,9,2,8,17
2025,10222,Jayden Reed,WR,GB,Josh Blotter,Keeper,8,2,8,16
2025,11635,Ladd McConkey,WR,LAC,Josh Blotter,Keeper,1,1,7,8
2025,5859,A.J. Brown,WR,PHI,Josh Blotter,Keeper,28,2,8,36
2025,6904,Jalen Hurts,QB,PHI,Josh Blotter,Keeper,16,5,6,22
2025,8137,George Pickens,WR,DAL,Josh Blotter,Keeper,16,3,9,25
2025,8205,Isiah Pacheco,RB,KC,Josh Blotter,Keeper,17,3,9,26
2025,9226,De'Von Achane,RB,MIA,Josh Blotter,Keeper,8,2,8,16
2025,11637,Keon Coleman,WR,BUF,Justin Woodard,Keeper,1,1,7,8
2025,1373,Geno Smith,QB,LV,Justin Woodard,Keeper,0,1,2,2
2025,4033,David Njoku,TE,CLE,Justin Woodard,Keeper,11,1,4,15
2025,4144,Jonnu Smith,TE,PIT,Justin Woodard,Keeper,0,1,4,4
2025,4666,Younghoe Koo,K,ATL,Justin Woodard,Keeper,0,1,1,1
2025,4983,DJ Moore,WR,CHI,Justin Woodard,Keeper,20,2,8,28
2025,5045,Courtland Sutton,WR,DEN,Justin Woodard,Keeper,5,1,7,12
2025,6130,Devin Singletary,RB,NYG,Justin Woodard,Keeper,14,1,7,21
2025,6801,Tee Higgins,WR,CIN,Justin Woodard,Keeper,19,1,7,26
2025,6813,Jonathan Taylor,RB,IND,Justin Woodard,Keeper,36,2,8,44
2025,7049,Jauan Jennings,WR,SF,Justin Woodard,Keeper,0,1,7,7
2025,7528,Najee Harris,RB,LAC,Justin Woodard,Keeper,23,1,7,30
2025,8131,Isaiah Likely,TE,BAL,Justin Woodard,Keeper,1,1,4,5
2025,8154,Brian Robinson,RB,WAS,Justin Woodard,Keeper,14,2,8,22
2025,9229,Anthony Richardson,QB,IND,Justin Woodard,Keeper,3,1,2,5
2025,IND,Indianapolis Colts,DEF,IND,Justin Woodard,Keeper,1,1,1,2
2025,11638,Ricky Pearsall,WR,SF,Kevin Getz,Keeper,0,1,7,7
2025,5892,David Montgomery,RB,DET,Kevin Getz,Keeper,19,2,8,27
2025,7525,DeVonta Smith,WR,PHI,Kevin Getz,Keeper,21,2,8,29
2025,8110,Jake Ferguson,TE,DAL,Kevin Getz,Keeper,5,2,5,10
2025,8146,Garrett Wilson,WR,NYJ,Kevin Getz,Keeper,18,2,8,26
2025,9494,Marvin Mims,WR,DEN,Kevin Getz,Keeper,0,1,7,7
2025,9494,Marvin Mims,WR,DEN,Kevin Getz,Keeper,0,1,7,7
2025,11564,Drake Maye,QB,NE,Porter Haddock,Keeper,1,1,2,3
2025,11631,Brian Thomas,WR,JAX,Porter Haddock,Keeper,3,1,7,10
2025,11651,Isaac Guerendo,RB,SF,Porter Haddock,Keeper,1,1,7,8
2025,3163,Jared Goff,QB,DET,Porter Haddock,Keeper,0,1,2,2
2025,3451,Ka'imi Fairbairn,K,HOU,Porter Haddock,Keeper,3,1,1,4
2025,4066,Evan Engram,TE,DEN,Porter Haddock,Keeper,7,1,4,11
2025,4199,Aaron Jones,RB,MIN,Porter Haddock,Keeper,34,1,7,41
2025,5022,Dallas Goedert,TE,PHI,Porter Haddock,Keeper,9,2,5,14
2025,6786,CeeDee Lamb,WR,DAL,Porter Haddock,Keeper,36,5,11,47
2025,7553,Kyle Pitts,TE,ATL,Porter Haddock,Keeper,3,1,4,7
2025,7564,Ja'Marr Chase,WR,CIN,Porter Haddock,Keeper,44,4,10,54
2025,7611,Rhamondre Stevenson,RB,NE,Porter Haddock,Keeper,31,1,7,38
2025,8126,Wan'Dale Robinson,WR,NYG,Porter Haddock,Keeper,1,1,7,8
2025,8138,James Cook,RB,BUF,Porter Haddock,Keeper,25,1,7,32
2025,8151,Kenneth Walker,RB,SEA,Porter Haddock,Keeper,21,3,9,30
2025,8210,Chig Okonkwo,TE,TEN,Porter Haddock,Keeper,3,1,4,7
2025,9480,Brenton Strange,TE,JAX,Porter Haddock,Keeper,1,1,4,5
2025,9758,C.J. Stroud,QB,HOU,Porter Haddock,Keeper,3,2,3,6
2025,KC,Kansas City Chiefs,DEF,KC,Porter Haddock,Keeper,0,1,1,1
2025,10236,Dalton Kincaid,TE,BUF,Tanner Gibson,Keeper,8,2,5,13
2025,11559,Michael Penix,QB,ATL,Tanner Gibson,Keeper,2,1,2,4
2025,11566,Jayden Daniels,QB,WAS,Tanner Gibson,Keeper,1,1,2,3
2025,11575,Ray Davis,RB,BUF,Tanner Gibson,Keeper,1,1,7,8
2025,11834,Devaughn Vele,WR,DEN,Tanner Gibson,Keeper,1,1,7,8
2025,2216,Mike Evans,WR,TB,Tanner Gibson,Keeper,28,2,8,36
2025,2747,Jason Myers,K,SEA,Tanner Gibson,Keeper,7,1,1,8
2025,5010,Will Dissly,TE,LAC,Tanner Gibson,Keeper,5,1,4,9
2025,5967,Tony Pollard,RB,TEN,Tanner Gibson,Keeper,26,1,7,33
2025,6794,Justin Jefferson,WR,MIN,Tanner Gibson,Keeper,32,5,11,43
2025,6806,J.K. Dobbins,RB,DEN,Tanner Gibson,Keeper,7,1,7,14
2025,7547,Amon-Ra St. Brown,WR,DET,Tanner Gibson,Keeper,28,4,10,38
2025,8121,Romeo Doubs,WR,GB,Tanner Gibson,Keeper,0,1,7,7
2025,8132,Tyler Allgeier,RB,ATL,Tanner Gibson,Keeper,5,1,7,12
2025,8134,Khalil Shakir,WR,BUF,Tanner Gibson,Keeper,4,1,7,11
2025,8143,Jerome Ford,RB,CLE,Tanner Gibson,Keeper,5,1,7,12
2025,9756,Jordan Addison,WR,MIN,Tanner Gibson,Keeper,10,2,8,18
2025,BAL,Baltimore Ravens,DEF,BAL,Tanner Gibson,Keeper,7,1,1,8
2025,PIT,Pittsburgh Steelers,DEF,PIT,Tanner Gibson,Keeper,1,1,1,2
2025,11600,Ja'Tavion Sanders,TE,CAR,Tanner Lewis,Keeper,1,1,4,5
2025,11625,Adonai Mitchell,WR,IND,Tanner Lewis,Keeper,5,1,7,12
2025,1339,Zach Ertz,TE,WAS,Tanner Lewis,Keeper,3,1,4,7
2025,1426,DeAndre Hopkins,WR,BAL,Tanner Lewis,Keeper,3,1,7,10
2025,1479,Keenan Allen,WR,21,Tanner Lewis,,12,1,7,19
2025,3198,Derrick Henry,RB,BAL,Tanner Lewis,Keeper,57,1,7,64
2025,3286,Demarcus Robinson,WR,SF,Tanner Lewis,Keeper,3,1,7,10
2025,4037,Chris Godwin,WR,TB,Tanner Lewis,Keeper,14,1,7,21
2025,4039,Cooper Kupp,WR,SEA,Tanner Lewis,Keeper,26,1,7,33
2025,4227,Harrison Butker,K,KC,Tanner Lewis,Keeper,3,3,1,4
2025,4984,Josh Allen,QB,BUF,Tanner Lewis,Keeper,17,5,6,23
2025,5248,Gus Edwards,RB,,Tanner Lewis,Keeper,5,1,7,12
2025,5872,Deebo Samuel,WR,WAS,Tanner Lewis,Keeper,29,2,8,37
2025,6826,Cole Kmet,TE,CHI,Tanner Lewis,Keeper,5,1,4,9
2025,8136,Rachaad White,RB,TB,Tanner Lewis,Keeper,16,3,9,25
2025,9754,Quentin Johnston,WR,LAC,Tanner Lewis,Keeper,2,1,7,9
2025,CIN,Cincinnati Bengals,DEF,CIN,Tanner Lewis,Keeper,0,1,1,1
2025,HOU,Houston Texans,DEF,HOU,Tanner Lewis,Keeper,1,1,1,2
2025,NO,New Orleans Saints,DEF,NO,Tanner Lewis,Keeper,1,1,1,2
2025,11533,Brandon Aubrey,K,DAL,Tyler Hunt,Keeper,1,2,1,2
2025,1689,Adam Thielen,WR,CAR,Tyler Hunt,Keeper,1,1,7,8
2025,4892,Baker Mayfield,QB,TB,Tyler Hunt,Keeper,1,1,2,3
2025,4943,Sam Darnold,QB,SEA,Tyler Hunt,Keeper,0,1,2,2
2025,7588,Javonte Williams,RB,DAL,Tyler Hunt,Keeper,24,2,8,32
2025,7594,Chuba Hubbard,RB,CAR,Tyler Hunt,Keeper,10,2,8,18
2025,8112,Drake London,WR,ATL,Tyler Hunt,Keeper,20,2,8,28
2025,9488,Jaxon Smith-Njigba,WR,SEA,Tyler Hunt,Keeper,8,1,7,15
2025,MIN,Minnesota Vikings,DEF,MIN,Tyler Hunt,Keeper,0,1,1,1
